GR,log10(LLD),log10(MSFL),DT,RHOB,NPHI,PEF
7.44,2.079,1.8232,59.31,2.6,0.06,8.59
5.21,2.118,1.9281,57.63,2.59,0.07,8
5.59,2.1902,1.7045,60.25,2.57,0.07,8.66
5.98,2.121,2.0332,61.69,2.54,0.07,8.67
7.86,2.0646,1.6133,63.19,2.5,0.1,8.48
7.82,2.0646,1.4921,62,2.52,0.11,9.7
7.75,2.102,1.6712,61.75,2.53,0.1,7.48
7.72,2.1478,1.6262,60.31,2.53,0.09,7.82
8.13,2.1537,1.7102,60.31,2.53,0.09,8.13
8.6,2.2119,1.8605,60.06,2.55,0.09,8.36
8.65,2.1607,1.7265,60,2.55,0.09,9.41
7.49,2.0309,1.802,59.13,2.56,0.09,7.85
13.04,1.8462,1.5853,60.38,2.54,0.1,10.13
13.49,1.8366,1.5839,60,2.54,0.09,9.88
16.06,1.8363,1.4246,61.13,2.54,0.1,8.26
15.74,1.8773,1.5544,59.94,2.54,0.08,9
16.88,1.9986,1.8273,54.75,2.58,0.07,8.73
19.09,2.236,2.3124,52.06,2.65,0.04,8.15
23.28,2.4346,2.6026,52.69,2.67,0.02,8.45
25.61,2.2183,2.2956,54.81,2.65,0.02,7.8
27,2.1522,1.5698,52.38,2.63,0.04,7.79
24.98,2.3397,2.2518,51.63,2.68,0.02,7.59
28.77,2.4221,2.7512,51.63,2.67,0.02,7.09
32.97,2.4263,2.0626,50.5,2.68,0.01,8.1
37.63,2.6315,3.2967,50.81,2.7,0.01,7.36
32.22,2.5417,2.2307,54.38,2.7,0.01,7.51
22.83,2.3974,1.9591,57.38,2.64,0.03,7.29
21.77,2.3065,2.5323,58.25,2.6,0.04,9.44
23.34,2.2937,1.759,57.5,2.58,0.06,11.49
23.23,2.2263,1.8591,58.38,2.59,0.06,12.78
38.59,2.366,2.2223,53.63,2.63,0.02,14.83
34.91,2.3551,2.4784,52.88,2.66,0.04,12.68
35.78,2.3613,3.2502,51.88,2.7,0.03,8.56
28.25,2.4133,2.2506,51.94,2.69,0.02,8.55
26.92,2.4252,2.4685,56.38,2.65,0.02,9.87
27.95,2.2472,1.9722,60.13,2.57,0.05,11.52
41.63,2.1494,1.5678,58.75,2.53,0.09,10.26
41.72,2.2777,1.776,57.13,2.58,0.07,11.97
25.84,2.5448,2.3001,61.81,2.59,0.05,16.36
21.47,2.7876,2.5429,64.19,2.48,0.11,9.27
21.31,2.4559,1.9449,63.88,2.43,0.16,13.23
36.34,2.3522,1.9646,64.38,2.46,0.15,8.92
16.52,1.8972,1.4322,61.75,2.49,0.13,9.08
16.08,1.9891,1.4059,54.63,2.55,0.1,10.38
16.8,2.1593,1.7795,53.25,2.6,0.06,9.07
21.67,2.5294,2.2291,54.25,2.67,0.03,9.6
11.95,2.7176,2.2481,58.31,2.62,0.05,11.52
11.63,2.8386,3.1318,63.06,2.54,0.08,12.65
16.88,2.7208,2.2765,66.94,2.45,0.14,9.51
17.61,2.5119,2.0981,67.25,2.4,0.17,8.9
21.72,2.3235,1.9777,66.88,2.39,0.17,8.14
23.98,2.216,2.3284,64.88,2.38,0.16,10.79
20.27,2.1545,2.2111,62.25,2.42,0.14,11.7
13.2,2.5699,2.0031,51.06,2.67,0.02,9.09
16.89,2.5942,2.715,51.75,2.69,0.01,9.49
12.84,2.5254,2.0746,53.25,2.64,0.02,8.77
10.49,2.4142,2.4465,52.81,2.63,0.03,13.39
5.6,2.3963,2.6394,53.31,2.64,0.03,12.02
4.86,2.4323,2.1107,53.06,2.64,0.03,11.4
4.86,2.5589,2.4435,52.5,2.64,0.03,8.16
5.23,2.5739,1.9513,55.63,2.62,0.04,10.66
6,2.4962,1.8977,56.81,2.59,0.05,10.89
8.21,2.4282,1.7566,56,2.57,0.07,10.01
9.41,2.4437,1.6943,54.69,2.56,0.07,11.05
6.05,2.6059,1.9805,54.06,2.59,0.06,9.13
6.04,2.6234,1.991,53.63,2.6,0.04,8.97
8.88,2.5699,2.0477,53.81,2.64,0.04,8.44
12.99,2.5636,1.7018,53.75,2.67,0.03,9.73
8.57,2.5295,1.8222,51.5,2.58,0.05,10.52
5.98,2.7567,2.9306,49.94,2.67,0.02,8.18
7.88,2.6717,3.2763,50.44,2.7,0.01,8.66
6.39,2.6877,2.4959,50,2.7,0.01,7.64
9.42,2.8515,3.234,50.19,2.68,0.01,9.54
9.02,2.8668,3.2617,50.06,2.67,0.01,8.13
7.49,2.8543,2.8757,50.38,2.67,0.01,8.07
5.61,2.8125,3.2786,50.44,2.69,0.01,11.55
7.87,2.7524,3.2636,50.25,2.69,0.01,10
7.89,2.6922,3.2838,49.94,2.7,0.01,7.14
7.52,2.6814,3.1016,49.69,2.7,0.01,6.93
6.74,2.7405,3.2554,50,2.7,0.01,8.13
5.66,2.8965,3.299,49.88,2.7,0.01,9.16
6.76,2.8879,3.0047,49.25,2.7,0.01,9.56
5.23,2.7778,2.6079,49.44,2.7,0.01,9.57
4.5,2.8852,3.301,50.38,2.7,0.01,9.58
6.43,2.9677,3.2834,49.44,2.69,0.01,8.34
6.8,2.8862,2.8725,51.44,2.69,0.01,8.77
4.52,2.8808,2.9137,53.25,2.66,0.02,11.92
4.51,2.9021,2.8731,52.63,2.61,0.03,9.8
4.14,2.9594,2.6945,51.88,2.63,0.02,10.52
4.1,2.8377,2.4576,53,2.64,0.02,10.94
8.2,2.6615,2.1653,54.38,2.62,0.05,11.57
7.84,2.6376,2.4981,52.06,2.57,0.05,10.27
6.05,2.6147,2.66,50.81,2.63,0.02,9.46
4.91,2.4991,2.4882,51.25,2.69,0.02,8.66
6.75,2.2268,2.3428,52.31,2.68,0.02,8.2
6.41,2.1331,1.9493,53.94,2.68,0.02,8.78
7.55,2.125,1.9067,55.06,2.65,0.04,9.59
8.26,1.9505,1.9307,57.88,2.63,0.05,9.01
6.73,1.8648,1.5132,59,2.62,0.06,7.23
7.79,1.8279,1.531,58.44,2.59,0.06,8.06
7.45,1.8338,1.5354,57.19,2.61,0.05,10.2
8.58,1.8688,1.7162,55.75,2.64,0.05,8.18
8.95,1.8942,1.7807,55.69,2.66,0.04,7.55
7.07,2.0616,1.9857,54,2.66,0.04,9.34
5.99,2.2819,2.0233,58.5,2.61,0.05,9.6
7.11,2.2013,1.5214,65.25,2.54,0.08,9.29
7.43,2.0613,1.3965,72.44,2.36,0.16,9.36
8.09,2.0883,1.1767,73.44,2.35,0.19,11.65
6.66,2.114,1.1741,71.56,2.39,0.19,13.23
4.46,2.1623,1.2636,69.5,2.43,0.17,10.78
5.61,2.2216,1.6611,69,2.47,0.15,8.91
5.58,2.1428,1.3604,67.31,2.47,0.14,10.99
5.21,1.9331,1.2665,63.25,2.49,0.14,13.34
5.23,1.7195,1.5581,60.44,2.55,0.12,9.94
4.48,1.6898,1.192,57.31,2.58,0.1,9.2
5.92,1.77,1.5544,56.25,2.61,0.08,10.16
6.63,1.9821,1.871,54.5,2.61,0.06,9.81
5.59,2.4928,1.8544,51.38,2.69,0.01,8.09
10.01,2.2123,1.6938,53.13,2.69,0.01,8.41
14.36,1.7563,1.3916,56.13,2.66,0.02,8.08
17.25,1.6518,1.2443,57.69,2.64,0.06,7.5
37.53,1.5804,1.1931,58.5,2.66,0.04,6.54
26.88,1.6375,2.3395,54.94,2.69,0.06,7.84
33.09,1.2765,1.2749,60.88,2.68,0.06,6.64
40.13,1.2632,0.9894,61.31,2.64,0.09,5.74
33.13,1.5433,1.3662,59.81,2.65,0.11,8.5
27.09,2.2211,2.6061,51.31,2.67,0.03,6.95
30.59,2.1243,2.4682,51.56,2.66,0.02,8.02
34.16,2.0087,1.7861,52.69,2.66,0.03,8.01
30.45,2.1247,2.43,51,2.69,0.03,7.51
25.48,2.2278,2.6514,51.06,2.7,0.02,10
21.7,1.9243,1.5908,55.06,2.63,0.03,11.81
19.47,1.7879,1.3367,57.75,2.59,0.06,10.37
17.09,1.7518,1.3179,58.5,2.59,0.07,8.48
24.53,1.7373,1.5396,59.75,2.55,0.1,8.69
27.64,1.8454,1.5228,59.19,2.56,0.09,7.93
28.92,1.9103,1.6969,58,2.57,0.09,10.1
25.84,1.9082,1.4701,57.63,2.54,0.09,10.85
22.92,1.9272,1.7183,58.38,2.55,0.09,9.05
20.69,2.0043,1.4128,57.75,2.59,0.08,13.35
12.76,1.9983,2.0872,56.31,2.56,0.09,13.79
9.47,1.814,1.9481,57.44,2.55,0.1,9.81
12.07,1.5946,1.2622,59.56,2.54,0.1,10.9
8.23,1.5384,1.3786,60.25,2.53,0.11,11.63
10.05,1.7718,1.8949,54.5,2.6,0.06,10.52
10.47,1.9027,1.8802,52.63,2.66,0.03,7.87
11.98,1.8781,1.9227,52.63,2.66,0.04,8.56
12.73,1.8146,1.7257,54.31,2.65,0.04,9.53
10.9,1.645,1.3955,56.81,2.61,0.06,11.3
10.51,1.5701,1.3979,56.69,2.58,0.08,10.38
12.8,1.5701,1.4989,56.81,2.59,0.08,10.41
15.35,1.5189,1.3804,58.81,2.57,0.08,13.88
10.86,1.4273,1.4306,58.19,2.56,0.09,16.98
11.51,1.4667,1.3247,58.06,2.57,0.09,13.27
12.3,1.624,1.5371,56.13,2.61,0.07,13.31
23.16,1.813,2.0326,52.75,2.64,0.04,8.99
24.45,1.7256,1.2263,53.13,2.62,0.03,8.96
26.63,1.8078,1.9228,54.25,2.63,0.04,8.65
33.09,1.8205,2.0219,53,2.63,0.03,8.18
30.67,1.9717,2.5404,51.31,2.69,0.02,8.23
26.98,2.5339,3.2119,50.44,2.7,0.01,8.39
40.97,2.4023,2.9444,53,2.68,0.01,6.66
31.42,2.3166,2.5177,52.75,2.68,0.02,7.92
30.77,2.3539,2.1282,53.19,2.68,0.02,8.34
32.03,2.33,2.1906,52.44,2.68,0.02,8.47
34.25,2.3913,1.9947,53.06,2.68,0.02,8.25
43.28,2.3103,2.3148,53.19,2.68,0.02,7.07
47.31,2.3519,2.137,52.75,2.68,0.02,7.31
64.31,2.4176,2.436,52.5,2.7,0.02,7.48
77,2.3816,2.3328,53.13,2.69,0.02,7.8
69.25,2.3293,2.0712,53.25,2.69,0.02,8.95
66.19,2.2669,1.8623,52.25,2.69,0.02,9.11
63.81,2.3292,1.9764,51.31,2.68,0.02,8.23
45.5,2.5555,2.2465,52,2.69,0.01,7.98
47.13,2.4325,2.6484,52,2.7,0.01,7.71
46.19,2.2755,1.7791,51.19,2.68,0.01,8.21
40.34,2.4069,2.5352,49.81,2.7,0.01,7.71
39.56,2.3739,2.4378,53.31,2.7,0.01,7.71
31.94,2.2419,2.3511,53.88,2.68,0.02,8.01
26.94,2.1375,2.2144,55.56,2.68,0.02,7.05
33.75,1.8765,2.1652,58.06,2.66,0.05,6.11
35.78,1.8409,1.7935,58.25,2.66,0.05,6.35
40.66,1.8125,1.7956,56.69,2.66,0.06,5.74
35.88,1.8754,2.0327,57.5,2.67,0.06,6.78
53.03,1.7637,2.0033,60,2.68,0.05,7.21
63.97,1.609,1.4773,56.63,2.69,0.05,7.37
31.14,1.7121,2.4644,52.81,2.69,0.09,8.17
18.09,2.0307,2.2804,52.75,2.69,0.06,8.24
14.72,2.0077,2.0847,52.69,2.67,0.03,8.16
17.56,1.8951,2.1107,54.81,2.69,0.03,9.03
21.61,1.753,1.7919,55.25,2.67,0.03,9.05
27,1.7381,1.7313,53.63,2.63,0.05,9.5
24.11,1.895,1.8918,53.94,2.61,0.05,8.7
19.83,1.7134,2.373,58.63,2.64,0.03,8.42
11.78,1.38,1.6081,59.81,2.57,0.04,8.1
9.91,1.3103,1.2562,58.25,2.51,0.1,9.77
9.55,1.3533,1.433,55.75,2.55,0.1,10.38
10.59,1.7461,1.8276,51.94,2.6,0.06,10.44
11.27,1.9119,3.0473,50.75,2.6,0.04,11.27
12,2.0629,2.0804,50.06,2.64,0.02,10.23
13.56,2.1121,2.954,49.31,2.65,0.02,8.84
9.91,2.2762,3.0912,49.75,2.69,0.01,8.78
8.43,2.2398,3.26,48.44,2.69,0.01,9.33
46.63,1.6635,2.1316,53.56,2.7,0.06,4.34
48.66,1.6245,1.8288,58.44,2.68,0.06,4.41
28.25,2.0027,2.4351,55.25,2.57,0.07,4.95
19,2.1443,2.0625,59.63,2.56,0.09,4.97
19.27,2.0313,1.8355,62.19,2.52,0.12,4.79
20.56,1.9871,1.7633,61.75,2.5,0.12,5.04
19.56,2.0073,1.7724,60.69,2.54,0.11,5.16
29.78,2.0141,1.7834,60.69,2.5,0.09,4.52
31.45,2.1198,1.9819,56.94,2.51,0.07,5.04
27.59,2.0812,2.0186,58.5,2.57,0.12,4.96
26.16,1.9519,1.6712,58.56,2.47,0.06,4.71
28.34,2.1452,2.2351,54.38,2.54,0.03,5.07
28.88,2.2461,2.1625,54.63,2.61,0.07,4.88
28.88,1.9543,1.7384,59.44,2.53,0.07,5.08
30.33,2.1091,2.1509,55.63,2.58,0.04,5.19
44.44,2.2837,2.1676,53.75,2.61,0.04,5.04
43.97,2.3024,2.3085,54.31,2.65,0.08,4.91
35.81,2.1911,2.236,57,2.57,0.1,4.61
35.84,2.1671,2.0515,57.19,2.55,0.11,4.7
43.28,2.3253,2.2346,55.63,2.61,0.06,5.14
45.03,2.46,2.5763,53.69,2.6,0.06,5.38
48.03,2.3188,2.2362,56.25,2.6,0.06,5.02
52.63,2.3917,2.2899,54.69,2.58,0.05,5
54.44,2.4286,2.1224,54.44,2.58,0.04,5.11
49.59,2.4179,2.6619,53.56,2.61,0.04,5.09
36.53,2.2835,2.4108,52.19,2.64,0.01,4.64
39.25,2.3487,2.4515,51.63,2.68,0.01,5.02
35.59,2.3229,2.3681,51.13,2.67,0.01,5.27
33.34,2.2555,2.09,53.88,2.63,0.03,5.18
36.5,2.1706,2.3728,54.69,2.59,0.04,5.04
33.59,1.9832,2.0673,57.56,2.54,0.06,4.9
32.66,2.3781,2.6527,51.38,2.61,0.03,5.02
35.47,2.3121,2.3067,52.5,2.6,0.04,4.96
42.75,2.2552,2.4796,52.88,2.64,0.04,4.55
50.66,2.3706,2.5062,51.81,2.63,0.02,4.95
55.19,2.1568,1.9466,52.88,2.39,0.23,3.93
35.41,2.0855,1.6857,49.19,2.3,0.24,3.96
25.38,2.1443,2.0606,53.13,2.52,0.13,3.4
35.22,2.1245,2.054,52.81,2.67,0.01,4.7
67.56,1.7032,2.0021,57.63,2.58,0.08,4.64
37.25,2.4613,1.9282,62.88,2.5,0.14,4.63
28.75,2.377,2.1574,65.19,2.39,0.18,4.6
28.45,2.3035,1.6644,64.94,2.41,0.16,4.74
30.56,2.3595,2.0565,59.5,2.47,0.1,4.74
34.47,2.3625,2.076,54.5,2.57,0.03,4.77
35.28,2.2297,2.0019,50.81,2.66,0.01,4.94
33.75,2.2252,2.3239,50.75,2.68,0.01,5.13
44.25,2.3729,2.2336,49.25,2.69,0.01,4.89
33.63,2.6699,2.5705,49.31,2.7,0.01,5.4
30.69,2.6347,2.645,49.31,2.68,0.01,5.63
25.72,2.4914,2.1764,49.38,2.67,0.01,5.56
30.19,2.3413,2.5358,49.81,2.67,0.01,5.02
29.55,2.4081,2.503,49.06,2.68,0.01,5
33.44,1.9104,2.3384,54.19,2.6,0.08,4.55
26.56,2.0709,2.0434,52.56,2.61,0.03,4.93
28.8,1.8932,2.0856,53.81,2.61,0.05,5.05
33.38,1.8889,2.0728,53.38,2.57,0.04,4.87
30.42,1.9523,2.0641,52.13,2.62,0.02,5.29
27.03,2.0621,2.3931,50.88,2.64,0.01,5.31
21.97,1.6239,1.7816,59.56,2.55,0.08,4.97
22.56,1.573,1.746,59.44,2.52,0.07,4.8
28.63,1.5876,1.7918,56.5,2.56,0.04,4.87
38.31,1.6922,1.8835,54.38,2.59,0.02,5.18
40.66,1.767,1.96,54,2.6,0.02,5.06
32.41,1.798,2.1641,52.38,2.61,0.03,4.96
26.16,1.811,1.97,54.13,2.59,0.04,5.29
25.81,1.775,2.0727,55.19,2.63,0.06,5.29
24.33,1.7602,2.0071,56.69,2.58,0.07,5.32
29.09,1.6195,1.6936,63.25,2.5,0.1,4.71
25.19,1.5322,1.5571,62.19,2.47,0.07,5.02
28.63,1.8366,2.4175,54.38,2.64,0.04,5
26.94,1.9516,2.3233,54.63,2.62,0.04,4.9
22.81,1.979,2.35,52.94,2.62,0.03,5.07
23.06,2.0202,2.4801,53.38,2.63,0.04,5.04
17.97,1.9469,2.2514,54.19,2.62,0.05,4.83
18.45,1.8871,2.2267,53.75,2.61,0.05,4.71
16.78,2.0129,2.4952,52.13,2.64,0.03,5.15
18.45,2.1664,2.5817,51.5,2.66,0.02,5.25
17.89,2.1868,2.5525,51.44,2.66,0.02,5.35
14.93,2.2012,2.4721,50.81,2.65,0.02,5.25
18.39,2.2813,2.6342,50.88,2.64,0.02,5.09
18.67,2.2643,2.2556,52.31,2.64,0.02,4.97
20.09,2.1293,2.128,53,2.59,0.02,4.96
28.03,2.0858,2.0849,53.38,2.64,0.02,5.02
26.94,2.0958,2.0413,55.13,2.68,0.02,5.06
17.64,2.1274,2.1074,53.69,2.64,0.02,5.08
11.2,2.4186,2.574,50.13,2.66,0.01,4.73
14.23,2.3177,2.6332,49.56,2.7,0,5.35
14.69,2.0602,2.5841,51.44,2.7,0.01,4.87
18.39,1.9566,1.8973,51,2.7,0.01,4.82
19.84,1.9336,2.031,50.94,2.67,0.01,5.07
24.95,2.0268,2.4506,53.19,2.65,0.02,5.05
43.53,1.6761,2.3056,53.88,2.67,0.02,5.08
36.72,1.6379,2.3812,55.63,2.68,0.04,4.44
29.84,1.344,1.2317,55.31,2.66,0.05,4.12
34.19,1.3107,1.3555,54.94,2.66,0.06,4.52
48.34,1.5329,1.6464,54.31,2.66,0.04,4.48
26.91,1.6013,1.7998,55.56,2.63,0.04,4.55
25.33,1.8035,1.9856,51.38,2.61,0.02,4.96
45.88,2.2675,2.3511,50.94,2.68,0.01,5.11
47.09,2.1472,2.6547,52.81,2.66,0.01,5.22
34.31,1.7083,1.927,54.5,2.58,0.05,4.59
35.25,1.5985,1.6024,54.06,2.57,0.05,4.9
29.63,1.653,2.0896,53,2.55,0.03,4.89
26.14,1.5426,1.9168,58.44,2.62,0.07,4.9
26.5,1.3292,1.4898,61.44,2.55,0.12,4.72
27.84,1.2878,1.9431,61.38,2.45,0.13,4.71
27.59,1.3075,1.3454,61.31,2.55,0.11,4.86
28.3,1.351,1.6799,59.63,2.51,0.11,4.66
33.63,1.4789,1.7248,58.88,2.5,0.1,4.65
32.5,1.6027,1.9879,55.81,2.56,0.06,5.46
29.48,1.7014,1.7013,55.81,2.55,0.07,4.9
37.22,1.131,1.012,59.19,2.57,0.08,4
36.91,1.2167,1.1824,62,2.54,0.11,4.56
47.47,1.3151,1.4476,59.81,2.49,0.12,4.69
51.28,1.594,1.5096,54.5,2.51,0.09,4.74
38.06,1.7482,1.9429,54,2.64,0.04,5.24
35.66,1.6291,2.1536,53.81,2.62,0.03,5.18
31.17,1.6713,1.8816,53.31,2.64,0.03,5.09
31.78,1.8696,1.9627,51.88,2.62,0.02,4.97
33.72,2.0164,1.9393,50.13,2.64,0.01,4.93
38.78,2.1364,2.2282,51.5,2.68,0.01,5.11
43.16,1.9274,1.9522,53.06,2.67,0.01,5.22
42.34,1.6528,2.2527,54.31,2.6,0.03,4.99
42.47,1.6132,1.3971,53.44,2.59,0.04,4.12
46.75,1.6936,1.5008,54.19,2.59,0.06,4.8
45.81,1.5436,1.7688,56.69,2.61,0.05,4.7
45.84,1.3899,1.4893,55.94,2.54,0.05,4.08
44.88,1.426,1.8948,55.63,2.6,0.06,5.02
47.78,1.3974,1.3109,55.56,2.61,0.05,4.65
51.41,1.4378,1.5425,55.88,2.59,0.05,4.89
19.08,2.1847,1.5437,56,2.6,0.07,4.99
17.61,2.2404,1.7209,55.5,2.6,0.07,5
19.3,2.3768,1.574,54.25,2.63,0.06,5.33
17.45,2.2991,2.1123,56.5,2.6,0.08,5.05
17.95,2.1254,1.439,58.38,2.59,0.1,4.63
16.14,2.1801,1.3952,57.5,2.59,0.09,5.02
19.39,2.1603,1.5993,58.5,2.6,0.09,4.98
25.92,2.3106,1.9632,53.63,2.63,0.06,4.97
26.08,2.4384,2.158,51.38,2.65,0.04,5.54
24.97,2.5416,2.1438,51.75,2.67,0.03,5.55
25.44,2.4854,1.5347,54.38,2.64,0.06,5.22
22.77,2.2775,1.3558,54.38,2.61,0.07,5.21
26.22,2.4419,1.8956,53.5,2.67,0.04,5.05
26.23,2.3879,1.5367,53.38,2.67,0.06,5.34
38.44,2.5016,1.7297,50.25,2.65,0.03,5.52
54.81,2.9467,2.0574,49.25,2.7,0.01,6.03
39.19,3.0605,1.6965,50.38,2.71,0.02,5.7
32.06,2.8743,1.7833,49.5,2.69,0.02,5.83
28.48,2.7662,1.7134,49.88,2.7,0.02,5.19
36.09,2.4203,2.2628,52.38,2.7,0.04,5.3
30.5,2.3315,1.4103,52.88,2.68,0.05,5.57
24.52,2.3123,1.7829,54.13,2.63,0.06,4.86
22.89,2.1929,1.7511,54.88,2.6,0.09,5.1
23.39,2.259,2.2099,53,2.64,0.05,5.06
24.83,2.3484,1.6462,51.75,2.62,0.06,5
36.72,2.465,2.0178,52.13,2.65,0.04,4.8
36.38,2.4028,1.6556,53,2.65,0.06,4.99
32.03,2.4102,2.0555,51.88,2.64,0.07,5.31
32.91,2.3701,1.8779,52,2.66,0.05,5.19
39.38,2.3127,1.7511,53.13,2.6,0.06,5.28
43.66,2.5352,2.0886,50.38,2.63,0.04,5.14
49.34,2.7655,2.6175,49,2.69,0.02,5.16
72.06,2.6459,2.3782,51.25,2.69,0.03,5.47
53.34,2.4532,1.8751,53.13,2.64,0.05,5.12
84.88,3.1341,1.976,51,2.72,0.02,5.7
30.11,2.5592,1.8277,52.25,2.69,0.04,4.99
24.23,2.1766,1.5437,58,2.61,0.09,4.94
21.14,1.941,1.2973,63.13,2.52,0.15,5
21.83,1.8419,0.6042,65.5,2.49,0.18,4.86
20.27,1.951,1.2146,62.25,2.48,0.18,4.81
20.58,2.0221,1.3941,56.38,2.54,0.12,4.89
27.17,2.1091,1.9095,51.38,2.58,0.08,5.17
27.28,2.1382,1.7144,55.88,2.67,0.06,4.84
27.05,1.9624,1.4291,60.88,2.6,0.1,4.77
26.78,1.8732,1.3725,65.38,2.52,0.15,4.79
26.42,1.9165,1.0674,65.25,2.45,0.19,4.86
29.41,2.0361,1.2245,59.63,2.53,0.13,5.54
21.2,2.1265,1.8129,58.25,2.6,0.1,4.93
22.67,2.028,1.288,62.88,2.51,0.14,4.84
19.67,1.9625,1.1962,65.5,2.47,0.17,4.64
21.31,2.0718,1.5697,57.25,2.53,0.12,5.35
20.66,2.2477,2.0078,52.75,2.65,0.05,4.99
19.63,2.2342,2.0102,52.88,2.66,0.05,4.85
13.61,2.4624,2.2279,50.88,2.68,0.03,5.54
14.54,2.6574,2.4499,50.38,2.7,0.02,5.55
21.58,1.9595,1.0896,55.13,2.62,0.06,4.89
14.54,1.8292,1.578,57.13,2.58,0.09,5.16
13.43,1.7619,1.4706,58.5,2.55,0.11,5.36
19.72,2.4863,1.8034,50.88,2.67,0.03,5.27
18.39,2.3914,1.7217,52.25,2.68,0.04,5.26
18.64,2.3393,1.1652,52.88,2.66,0.04,4.81
17.77,2.4081,1.2114,52.13,2.67,0.04,4.77
18.02,2.6154,1.3054,50.5,2.68,0.03,5.25
20.41,2.848,1.857,49.25,2.7,0.02,5.8
22.81,2.8613,2.5697,49.75,2.68,0.02,5.2
23.72,2.7063,2.4072,51,2.69,0.02,5.49
18.52,2.5686,2.0248,51.88,2.68,0.04,5.44
15.15,2.474,1.9549,52.25,2.66,0.05,5.28
17.25,2.4211,1.6724,52.38,2.65,0.06,5.08
19.3,2.4048,1.7033,52.25,2.64,0.07,5.17
18.59,2.3757,1.7941,52.75,2.63,0.06,5.68
21.58,2.3832,1.5973,53.13,2.61,0.07,4.97
17.48,2.4186,1.9011,53,2.62,0.06,5.66
18.58,2.4481,1.8826,52.13,2.63,0.05,5.48
15.66,2.4108,1.7371,52,2.62,0.06,5.18
15.38,2.4069,1.9862,51.63,2.64,0.04,5.44
15.38,2.4396,1.7475,51.63,2.66,0.04,5.82
15.86,2.3944,1.7351,52.38,2.65,0.04,5.38
15.7,2.3554,1.7795,53.88,2.65,0.05,4.97
13.12,2.3128,1.5889,54.75,2.63,0.06,5.32
12.59,2.2252,1.6435,55.5,2.61,0.06,5.21
14.64,2.1695,1.6057,57,2.55,0.08,5.18
12.73,2.1237,1.4464,56.63,2.58,0.09,5.34
14.49,2.0935,0.4843,54.88,2.58,0.08,5.82
14.08,2.2,1.4669,53.13,2.6,0.07,5
14.69,2.3365,1.8451,51,2.66,0.05,4.97
17.03,2.3645,2.1375,51.13,2.69,0.04,5.51
16.75,2.3588,1.8388,51.5,2.66,0.04,5.31
21.27,2.384,1.9329,51.38,2.65,0.04,5.27
21.88,2.4192,2.1896,51.5,2.63,0.05,4.98
17.63,2.5191,2.3312,50.63,2.66,0.04,5.2
15.63,2.6142,2.605,49.75,2.68,0.02,5.59
19,2.6694,2.4261,49,2.69,0.02,5.21
19.69,2.7982,1.8973,48.13,2.71,0.01,5.29
15.49,2.7846,2.3476,48.5,2.71,0.01,5.4
15.64,2.7124,2.7686,49.25,2.7,0.02,5.66
18.06,2.6013,2.6561,50.38,2.71,0.02,5.94
17.19,2.5032,2.1797,51.63,2.69,0.02,5.92
18.89,2.3879,2.068,52.38,2.68,0.03,5.59
18.7,2.3616,1.9317,52.25,2.65,0.05,6.1
17.39,2.393,1.8432,52.63,2.63,0.05,5.82
19.83,2.3887,2.1,52.5,2.64,0.05,5.71
15.48,2.2687,1.9435,54.88,2.62,0.06,5.25
16.44,2.1254,1.5549,56,2.59,0.08,5.45
14.66,2.1809,1.7326,59.63,2.58,0.1,5.28
15.89,1.9844,1.3895,59.88,2.59,0.09,5.33
14.85,2.0177,1.4464,59.63,2.56,0.09,5.36
15.14,2.0621,1.5202,58.75,2.58,0.1,5.19
14.36,2.0954,1.5202,58.63,2.58,0.11,5.46
15.16,2.0869,1.36,62.25,2.56,0.11,5.13
17.06,2.047,1.499,62,2.54,0.12,5.04
15.29,2.0461,1.4739,60.88,2.56,0.11,4.54
15.59,2.0157,1.4711,60,2.56,0.11,4.77
16.34,1.9691,1.3054,58,2.56,0.1,4.96
16.17,1.9447,1.5315,56.5,2.6,0.08,5.21
16.83,2.0083,1.6017,56.5,2.62,0.07,5.35
13.46,2.0488,1.641,58.75,2.6,0.09,5.2
13.38,2.0208,1.4445,57.88,2.58,0.09,4.93
15.15,2.0172,1.7943,55.13,2.62,0.08,5.35
16.33,1.9862,1.6388,56.88,2.63,0.09,5.24
16.17,1.9655,1.5035,58.13,2.62,0.09,5.63
14.68,1.9944,1.5798,58.63,2.59,0.09,4.96
15.71,2.0622,1.5335,58,2.59,0.09,4.99
16.77,2.0884,1.6951,58.25,2.59,0.09,4.81
15.3,2.0458,1.5751,58.13,2.56,0.09,4.78
15.77,1.998,1.7525,57.75,2.55,0.1,5.25
17.36,2.0097,1.4136,58.5,2.56,0.1,5.38
15.73,1.9924,1.6264,59.75,2.56,0.1,4.98
13.48,1.9882,1.7047,58.75,2.56,0.09,4.7
14.27,2.017,1.551,56.88,2.59,0.09,5.25
14.26,2.0411,1.683,54,2.62,0.07,5.5
12.51,2.3257,2.2805,50.5,2.69,0.03,5.04
12.95,2.5624,2.6452,49.88,2.73,0.02,5.66
17.3,2.3554,2.4698,50.63,2.73,0.02,5.09
26.36,1.7988,1.8321,53,2.71,0.05,5.26
15.59,2.0106,2.2718,52.75,2.66,0.03,5.63
12.24,1.9901,1.7514,52.88,2.65,0.04,5.42
11.64,1.9863,1.84,51,2.67,0.05,5.82
13.09,2.1754,2.1214,50.75,2.67,0.03,5.73
20.14,2.2132,2.0821,51.75,2.71,0.02,5.49
22.2,1.9054,1.7001,53.38,2.7,0.05,5.17
17.94,1.9071,2.0284,53.25,2.68,0.06,5.14
15.89,1.7629,1.6736,54.88,2.65,0.06,5.5
14.56,1.6092,1.3518,55.38,2.62,0.08,5.54
13.39,1.569,1.33,57.25,2.58,0.09,5.4
14.35,1.6423,1.5413,56.75,2.61,0.08,4.97
11.71,1.7215,1.5202,55.13,2.64,0.06,4.96
10.73,1.7281,1.521,54.75,2.61,0.08,5.13
13.83,1.7404,1.6168,55.13,2.62,0.08,5.63
12.95,1.7631,1.4946,55.25,2.61,0.09,5.39
14.86,1.7875,1.5914,56.13,2.58,0.09,5.03
14,1.8103,1.3664,56.38,2.57,0.09,4.93
15.81,1.9511,1.7835,55.38,2.63,0.07,5.28
15.16,1.9142,1.3579,55.38,2.61,0.08,5.36
12.7,1.9176,1.3391,55.5,2.6,0.08,5.32
15.56,1.8128,1.1917,59.5,2.5,0.13,4.66
12.98,1.8464,1.4524,59.38,2.57,0.12,5.16
12.98,1.9375,1.4951,56.88,2.58,0.1,5.58
15.16,2.029,1.5784,53.5,2.58,0.08,5.07
15.99,2.0618,1.4398,52.88,2.59,0.07,5.46
15.8,2.1549,2.0616,52.13,2.64,0.06,5.53
14.76,2.1839,1.6677,52.13,2.67,0.04,4.99
14.48,2.155,1.7099,51.88,2.68,0.05,5.24
13.53,2.1709,1.5311,51.38,2.66,0.05,5.63
12.29,2.1859,2.1469,51.25,2.66,0.04,5.63
12.59,2.3174,2.1836,49.88,2.67,0.04,5.51
15.46,2.7246,2.7251,49.5,2.71,0.02,5.7
14.5,2.4069,2.5065,49.88,2.71,0.02,5.72
14.21,2.3929,2.9906,49.38,2.71,0.02,5.86
16.08,2.7434,2.7559,50,2.69,0.02,5.84
13.81,2.3618,2.3495,51.38,2.67,0.03,5.51
15.32,2.2295,2.1271,50.88,2.67,0.03,5.53
14.32,2.3785,2.4931,49.5,2.69,0.02,5.45
13.64,2.4153,2.4807,50.25,2.69,0.02,5.25
18.46,1.8169,1.7334,58.69,2.59,0.1,4.57
16.64,1.7753,1.5597,59.36,2.57,0.1,4.42
16.21,1.7235,1.6852,61.71,2.54,0.12,4.59
16.93,1.714,1.516,62.7,2.52,0.13,4.68
15.57,1.7667,1.4807,61.4,2.54,0.11,4.9
15.55,1.8784,1.636,59,2.57,0.09,4.86
17.95,1.8857,1.5973,59.3,2.59,0.09,4.65
22.46,1.8552,1.658,57.73,2.57,0.07,4.78
26.41,1.9018,1.489,58.43,2.57,0.06,4.88
30.21,1.9561,1.8921,58.33,2.57,0.06,5.2
26.3,2.2886,2.1481,52.9,2.66,0.01,5.44
31.49,2.3527,2.623,51.6,2.67,0.01,5.53
37.91,2.2708,2.6299,52.3,2.61,0.02,5.39
38.52,2.1337,2.54,52.5,2.62,0.02,5.8
29.49,2.0389,2.0656,45.56,2.64,0.02,5.13
24.59,2.0706,1.5421,56,2.6,0.04,5.13
21.57,2.004,1.6024,64.6,2.58,0.06,5.33
22.52,2.0708,1.9004,55.9,2.58,0.05,4.69
18.76,1.8581,1.7976,61.4,2.5,0.09,5.11
17.09,1.8498,1.2858,60.6,2.53,0.07,5.06
26.78,2.0067,1.965,57.2,2.58,0.04,4.91
27.59,2.0178,2.1534,56.1,2.57,0.04,5.01
24.36,1.877,1.8369,56.6,2.58,0.05,5.02
21.03,1.8641,1.6391,56.5,2.6,0.05,4.6
23.08,1.8101,1.8928,55.4,2.61,0.05,4.77
21.8,1.7991,2.0771,56.1,2.59,0.06,5.09
22.52,1.9085,2.0841,56.2,2.62,0.05,5.5
21.38,1.8755,1.9777,55,2.57,0.05,5.06
22.63,1.8582,1.4738,54.6,2.58,0.04,4.88
28.86,1.9407,1.8959,53.3,2.59,0.03,5.33
28.37,1.85,1.4267,55.3,2.56,0.04,5.17
23.49,1.7892,1.3241,57,2.58,0.06,4.98
21.58,1.7545,1.4263,56.7,2.58,0.06,5.48
20.42,1.8686,1.4411,55.02,2.57,0.03,5.93
44.44,1.9508,2.0562,53.83,2.63,0.02,4.82
48.18,1.8988,2.1882,55.12,2.61,0.03,4.85
39.48,1.9104,1.9181,54.4,2.61,0.02,4.75
26.51,1.9136,2.2371,53.5,2.66,0.01,4.82
27.5,2.2091,2.0309,50.6,2.7,0.01,5.82
22.81,2.2117,2.5165,53.2,2.67,0.02,5.65
15.73,1.9757,1.7354,60.2,2.55,0.08,5.14
16.44,2.0287,1.8158,58.8,2.55,0.07,4.98
15.65,1.9937,1.7786,60.58,2.55,0.09,4.75
15.48,1.9811,1.7818,62.63,2.51,0.1,4.88
11.63,2.0272,1.5093,63.3,2.5,0.11,4.76
13.52,2.0812,1.6468,61.03,2.52,0.09,5.59
13.45,2.0983,1.8175,59.56,2.5,0.09,5.04
14.66,2.0957,1.4565,61.49,2.5,0.09,5.25
14.28,2.0896,1.9699,60.5,2.52,0.09,5.24
13.72,2.034,2.0936,62.2,2.5,0.12,4.94
12.04,1.9539,1.8056,70.9,2.44,0.16,4.98
13.79,1.9016,1.3877,68.6,2.41,0.16,5
12.78,1.8666,1.5223,68.5,2.43,0.16,4.99
13.06,1.7511,1.6197,68.9,2.41,0.17,4.9
11.88,1.6405,1.2931,69.72,2.39,0.17,4.93
13.22,1.585,1.1326,69.67,2.39,0.18,4.89
14.96,1.6067,1.0542,69.5,2.39,0.17,4.84
15.67,1.6241,1.5475,68.3,2.4,0.16,4.59
14.74,1.598,1.4135,66.99,2.43,0.15,4.77
17.12,1.6147,1.2735,66.81,2.45,0.14,4.9
18.62,1.672,1.662,66.8,2.45,0.13,4.57
20,1.841,1.4064,62.3,2.51,0.1,4.7
26.23,2.0115,2.4023,56.6,2.57,0.06,5.35
28.03,2.0736,2.2541,54.5,2.6,0.03,5.09
23.17,2.1103,2.5038,53.04,2.64,0.03,4.93
17.63,2.0689,2.5902,55.83,2.61,0.06,4.9
15.37,2.0004,2.5871,60.93,2.52,0.1,4.97
21.21,1.8434,1.9711,62.5,2.48,0.1,5.15
24.35,1.6881,1.7516,63.2,2.5,0.11,5.36
21.14,1.7555,1.3555,70,2.39,0.18,4.55
24.81,1.6551,1.3137,64.7,2.5,0.14,4.62
23.5,1.7021,0.7356,65.11,2.46,0.14,4.7
26.22,1.8733,1.1443,60.83,2.48,0.09,4.68
37.01,2.0098,1.6702,56.34,2.52,0.06,4.8
39.22,1.9866,1.1408,54.57,2.58,0.04,5.09
42.1,1.8611,1.1937,55.3,2.31,0.11,3.49
50.38,1.8501,1.7547,56.49,2.34,0.1,3.94
32.91,2.0991,1.6416,56.97,2.61,0.04,5.34
35.22,2.0299,1.6979,56.7,2.6,0.04,5.03
37.69,2.0776,2.1148,55.3,2.6,0.04,5.27
17.88,2.0568,2.0528,54.7,2.61,0.04,5.39
23.87,2.0138,1.759,56.7,2.58,0.06,5.15
34.06,1.8778,1.6494,57.9,2.53,0.06,4.94
31.49,1.8553,1.4891,57.68,2.55,0.07,5.19
23.71,1.899,1.2799,57.1,2.55,0.06,5.12
23.07,2.0564,1.9679,54.69,2.58,0.05,4.94
27.39,2.0451,2.0844,54.53,2.6,0.04,5.1
31.34,1.9983,2.0801,54.27,2.61,0.04,5.65
33.18,1.9553,1.9168,54.2,2.6,0.03,5.67
32.4,1.9751,1.9138,54,2.62,0.02,4.99
32.7,2.0148,2.1783,53.6,2.64,0.02,5.68
34.06,2.0843,1.9388,53.18,2.63,0.02,5.3
31.09,2.1853,1.9829,52.07,2.66,0.02,5.12
26.25,2.2368,2.0239,52.27,2.66,0.01,5.05
21.95,2.2823,2.1886,51.8,2.66,0.01,5.47
26.47,2.2143,1.7483,52.16,2.65,0.02,5.21
28.6,2.0587,1.4568,56.07,2.58,0.05,4.91
29.36,1.9536,1.3025,57.18,2.49,0.08,4.81
26.49,1.9239,1.4994,57.83,2.5,0.08,4.98
27.27,2.0811,1.6874,57.99,2.58,0.06,5.8
27.77,2.1009,1.7399,56.6,2.6,0.04,5.13
33.41,2.0996,1.5649,56.57,2.59,0.05,4.86
25.68,2.0637,1.7763,55,2.59,0.04,4.83
21.46,2.0144,1.6363,55.4,2.56,0.04,5.21
23.27,1.9371,1.6767,57.1,2.55,0.05,4.96
23.05,1.9428,1.6078,56,2.6,0.04,4.82
18.73,2.0312,2.0906,52.8,2.64,0.03,5.01
18.73,2.0513,2.2999,52.9,2.63,0.04,5.39
13.28,1.9742,2.5941,55.6,2.59,0.05,4.89
14.5,1.9248,2.0543,54.9,2.61,0.03,5.23
18.63,1.9108,2.0409,54.4,2.63,0.02,5.18
16.98,1.8841,1.6905,53.2,2.68,0.02,4.25
16.45,1.6066,2.7853,54.31,2.65,0.03,4.12
18.19,1.4334,1.4658,56.74,2.65,0.05,4.76
11.32,1.6307,1.8956,53.4,2.65,0.03,4.98
12.62,1.6849,1.994,53.5,2.65,0.03,5.01
13.39,1.7166,1.9,55.2,2.62,0.03,4.49
11.65,1.8156,2.2636,54.3,2.62,0.04,4.69
12.56,1.8065,2.0304,53.76,2.62,0.04,5.43
12.49,1.7617,1.7477,53.4,2.63,0.02,5.4
11.69,1.814,1.6761,52.31,2.67,0.01,5.37
10.58,2.0633,2.0032,50.68,2.68,0,5.56
10.78,2.3732,2.3823,49.4,2.69,0,5.23
11.66,1.8663,2.9689,52.6,2.66,0.02,5.1
8.7,1.7682,1.2735,54.64,2.63,0.03,5.27
7.96,1.723,1.7785,55.54,2.61,0.03,5.33
10.18,1.7663,1.82,53.8,2.65,0.02,5.32
9.44,1.9034,2.2214,53.08,2.65,0.02,5.26
12.68,1.7134,2.1629,52.46,2.61,0.05,5.12
21.97,1.6928,1.6574,54.94,2.66,0.09,4.28
35.83,1.2167,1.8733,59.61,2.62,0.14,4.14
16.45,1.1136,0.6551,60.8,2.56,0.13,5.11
14.1,1.2555,1.2373,64.3,2.44,0.16,4.61
15.51,0.939,0.9101,68.8,2.43,0.19,4.63
14.86,0.8802,0.6618,69.5,2.44,0.18,4.33
14.71,0.8716,0.8549,71.5,2.4,0.2,4.57
19.21,0.9133,0.9542,68.3,2.45,0.17,4.34
25.43,0.939,1.1307,66.8,2.47,0.16,4.71
22.6,0.9841,0.9263,67.03,2.45,0.17,4.71
20.17,0.9708,0.9624,65.57,2.44,0.15,4.37
20.58,0.9566,0.8267,67.59,2.43,0.16,4.31
23.27,0.935,0.6365,68.97,2.37,0.18,4.26
23.87,0.9269,0.721,69.79,2.39,0.19,4.45
18.89,0.9405,0.8716,69.42,2.41,0.17,4.66
18.4,0.9294,0.8122,67.7,2.4,0.16,5.1
17.17,0.9823,0.8739,65.83,2.39,0.16,4.61
17.48,1.0294,1.1449,65.12,2.42,0.15,4.48
22.48,1.0103,1.5604,65.6,2.35,0.19,4.58
11.18,0.8426,0.6981,69,2.42,0.15,4.95
12.14,0.8859,0.5145,70.6,2.45,0.16,4.81
14.27,0.8904,0.6444,67.2,2.47,0.17,4.86
17.73,1.0414,0.9248,61.4,2.49,0.12,4.89
21.5,1.3577,1.516,57.2,2.62,0.06,5.02
20.16,1.346,1.3591,55.9,2.61,0.05,4.89
25.26,1.1508,1.574,56.6,2.59,0.09,4.31
43.88,1.0362,1.453,59.78,2.6,0.13,3.87
42.33,1.1917,1.0523,57.87,2.6,0.08,4.66
34.85,1.343,1.4586,54.07,2.59,0.03,4.31
35.18,1.3876,2.4216,53.52,2.55,0.05,4.66
35.08,1.4475,2.4346,53.2,2.58,0.05,5.71
37.34,1.4944,1.976,53.4,2.58,0.04,5.05
30.89,1.0438,0.7731,57.71,2.5,0.08,4.43
24.68,1.2258,1.9614,54.13,2.57,0.05,5.34
24.11,1.2797,0.837,52.5,2.63,0.03,5.13
29.32,1.4007,1.3028,55.4,2.6,0.02,4.37
35.59,1.6945,1.3642,35,2.62,0.02,5.11
43.91,1.78,2.1194,53.5,2.62,0.02,4.96
40.64,1.6949,2.281,55.6,2.59,0.04,4.98
29.93,1.7013,1.5886,55.1,2.59,0.03,5.16
30.32,1.7436,2.2304,54.6,2.6,0.04,5.27
36.4,1.796,1.8794,55.3,2.62,0.03,4.75
33.57,1.7823,2.2188,54.8,2.61,0.02,4.51
30.1,1.7339,2.7501,54,2.63,0.03,4.71
33.25,1.6349,1.5997,56.2,2.62,0.04,4.2
32.34,1.656,1.9623,55.7,2.63,0.03,3.94
28.02,1.6514,1.8865,55.3,2.61,0.03,3.8
28.55,1.6102,2.1921,55.7,2.62,0.04,3.98
25.92,1.5781,1.68,56.33,2.61,0.03,4.13
25.45,1.6272,1.6611,55.9,2.62,0.03,3.93
22,1.7926,1.942,53.52,2.65,0.02,4.2
20.69,1.9614,1.9601,52.71,2.67,0.01,4.78
23.61,2.008,2.4491,51.6,2.68,0.01,5.08
25.77,1.978,1.9634,52,2.68,0.01,4.65
26.27,1.8624,1.8949,53.8,2.65,0.02,4.11
48.95,1.4728,1.897,58.5,2.61,0.06,3.68
33.52,1.769,1.6968,56.66,2.67,0.08,5.14
17.38,2.1665,1.9103,53.78,2.63,0.09,5.27
13.59,1.8528,2.8549,58.88,2.55,0.13,4.93
12.31,1.7659,1.7065,62.64,2.49,0.15,4.89
12.25,1.8269,1.4967,62.16,2.52,0.13,4.86
14.89,1.8592,1.3709,61.15,2.53,0.12,4.93
15.38,1.9459,1.3408,56.71,2.57,0.08,4.84
17.65,2.0392,1.5039,54.67,2.59,0.06,4.85
20.26,2.088,1.5536,53.82,2.62,0.05,5.06
19.81,2.1396,1.6338,53.22,2.64,0.04,5.15
18.69,2.12,1.6632,52.83,2.65,0.04,5.09
20.21,2.1256,1.6724,52.43,2.66,0.03,5.57
19.94,2.1681,1.535,52.25,2.65,0.03,5.38
19.45,2.1738,1.7409,52.34,2.66,0.03,5.28
17.37,2.0357,1.6679,53.58,2.64,0.05,5.85
18.94,1.9209,1.5663,56.31,2.57,0.07,5.57
18.87,1.9966,1.3608,56.53,2.58,0.06,5.06
18.11,2.1194,1.7366,53.69,2.63,0.04,5.02
21.28,2.2819,1.5325,51.72,2.67,0.03,5.29
17.52,2.1893,1.7567,53.47,2.65,0.04,5.13
19.13,2.1037,1.5776,55.73,2.63,0.06,5.44
17.77,1.9836,1.4084,57.24,2.59,0.08,5.58
17.45,1.8972,1.5038,58.4,2.55,0.1,5.33
21.55,1.8922,1.6017,58.55,2.56,0.09,5.23
24.54,2.0069,1.5152,57.11,2.59,0.08,4.82
25.36,2.0126,1.574,58.66,2.57,0.09,4.78
22.37,2.0135,1.3929,57.47,2.57,0.07,5.42
22.48,2.1348,1.641,54.06,2.63,0.04,5.31
23.06,2.0611,2.0397,55.03,2.62,0.05,5.71
27.68,2.0025,1.6177,55.42,2.61,0.05,5.35
30.77,2.3939,2.1102,51.33,2.67,0.02,4.95
34.25,2.193,2.2634,52.91,2.63,0.04,5.41
30.42,2.1875,2.1414,52.8,2.63,0.04,5.27
31.36,2.2311,1.8073,52.29,2.64,0.03,5.15
34.46,2.2562,2.1527,52.13,2.65,0.04,5.83
41,2.2057,2.3429,52.44,2.62,0.04,5.36
40.79,2.2214,2.3032,52.44,2.63,0.03,5.13
35.21,2.2439,2.3856,52.17,2.64,0.04,5.56
33.34,2.232,2.3032,51.91,2.65,0.03,5.3
24.15,2.1411,1.9956,51.61,2.66,0.02,5.61
30.14,2.2109,2.1638,52.06,2.65,0.04,5.36
27.3,1.9156,1.924,56.22,2.6,0.07,5.13
26.97,1.8013,1.5005,57.35,2.6,0.07,5.51
29.75,1.8551,1.7941,55.77,2.59,0.07,5.83
30.09,1.9435,1.598,54.01,2.6,0.05,5.85
27.13,1.9865,1.645,52.84,2.6,0.04,5.13
26.39,2.0408,1.5122,53.28,2.63,0.04,5.1
27.09,2.0846,1.9391,53.64,2.65,0.04,5.17
27.78,2.116,1.8459,52.97,2.63,0.04,5.13
32.52,2.0224,1.7597,54.74,2.63,0.03,5.77
32.77,2.1249,1.636,53.85,2.6,0.05,5.1
49.29,2.2426,2.0728,51.83,2.65,0.04,5.38
56.53,2.1552,2.2109,52.38,2.64,0.04,5.17
44.39,2.2759,2.2479,52.48,2.64,0.03,5.62
33.59,2.4252,2.4272,49.69,2.69,0.01,5.45
30.14,2.5648,3.0249,48.89,2.7,0.01,4.9
36.04,2.5336,2.6292,48.95,2.71,0.01,4.93
41.15,2.2467,2.5563,50.06,2.68,0.03,5.76
31.41,1.9944,1.9651,53.67,2.61,0.07,5.72
26.13,1.84,1.9544,57.44,2.55,0.11,5.08
22.91,1.8228,1.6263,56.61,2.57,0.09,4.74
19.81,2.0136,2.1004,52.25,2.66,0.04,5.46
17.82,2.0574,2.27,50.31,2.68,0.02,5.77
19.83,2.1114,2.2338,50.34,2.68,0.02,5.17
24.15,1.8319,2.0107,59.29,2.55,0.11,5.32
29.09,1.5494,1.4971,64.56,2.41,0.17,5.32
19.18,1.7054,1.4639,59.33,2.49,0.11,5.17
14.66,2.0134,1.7824,54.47,2.59,0.06,5.21
15,2.298,2.1458,51.84,2.66,0.03,5.53
16.62,2.3957,2.2762,50.14,2.68,0.02,5.21
17.41,2.2056,2.4093,51.3,2.67,0.03,5.32
19.4,2.0974,2.0946,51.8,2.66,0.04,5.39
18.41,2.1529,2.1015,50.5,2.65,0.03,5.23
17.23,2.1795,2.0658,49.96,2.67,0.03,4.93
18.23,2.1302,2.2087,50.86,2.66,0.03,4.72
21.35,2.0038,2.1191,54.28,2.59,0.07,4.73
24.02,1.7426,1.9862,59.11,2.51,0.12,4.56
19.37,1.4822,1.1942,62.16,2.45,0.16,4.7
17.04,1.3766,1.1458,61.58,2.48,0.14,4.8
15.99,1.4191,1.3664,59.09,2.51,0.12,5.15
14.04,1.5441,1.4619,58.06,2.55,0.1,5.11
11.58,1.5587,1.5866,59.84,2.51,0.12,4.79
11.15,1.4333,1.2209,61.88,2.47,0.14,4.71
11.33,1.303,1.4326,63.14,2.47,0.15,4.67
10.85,1.2068,1.1232,63.7,2.48,0.16,5.13
10.94,1.2345,1.2206,63.48,2.48,0.15,4.95
10.05,1.34,1.1649,62.06,2.48,0.12,5.26
11.99,1.4624,1.372,59.91,2.52,0.11,5
14.74,1.471,1.4747,59.58,2.52,0.12,4.83
14.87,1.4404,1.3844,59.39,2.53,0.11,5.11
14.46,1.4532,1.5185,59.5,2.54,0.11,5.1
14.03,1.4379,1.2728,61.14,2.5,0.13,5.07
15.2,1.4131,1.1526,63.06,2.46,0.15,4.99
15.25,1.5087,1.1219,63.34,2.47,0.16,4.72
14.78,1.6023,1.404,62.14,2.49,0.14,4.86
15.11,1.6967,1.3782,59.55,2.51,0.12,4.78
15.63,1.7197,1.4784,58.23,2.52,0.1,4.66
14.32,1.81,1.7263,57,2.54,0.08,4.83
14.69,1.8532,1.5552,54.89,2.56,0.07,5
16.52,1.7213,1.7712,55.86,2.56,0.09,4.99
14.75,1.6355,1.4745,61.13,2.46,0.13,4.8
12.81,1.586,1.2617,65.59,2.43,0.17,4.86
10.82,1.5945,1.0906,67.77,2.43,0.19,4.8
10.68,1.6232,1.2193,67.83,2.4,0.18,4.77
11.4,1.6523,1.3442,67.64,2.43,0.17,4.41
10.4,1.6631,1.2938,66.4,2.46,0.16,4.45
10.72,1.6472,1.4186,64.1,2.46,0.15,4.62
9.26,1.6479,1.5454,62.62,2.46,0.13,4.58
8.97,1.7023,1.3909,60.23,2.49,0.12,4.81
10.81,1.7233,1.7597,60.52,2.46,0.14,4.85
10.8,1.6439,1.7851,61.57,2.47,0.14,4.79
10.78,1.6523,1.4002,59.62,2.49,0.13,4.93
11.23,1.7761,1.7833,56.6,2.55,0.09,4.55
12.65,1.7618,1.8239,57.07,2.57,0.09,5
12.81,1.7369,1.5709,56.39,2.6,0.08,4.82
13.58,1.772,1.7325,56.33,2.59,0.09,4.59
13.14,1.708,1.9769,60.64,2.54,0.11,4.96
11.66,1.6643,1.5784,62.3,2.51,0.12,5.33
10.85,1.6728,1.3899,61.42,2.5,0.12,5.16
9.75,1.7413,1.6445,58.53,2.55,0.11,4.68
9.7,1.733,1.6327,59.58,2.54,0.11,4.55
9.49,1.7843,1.5815,59.41,2.58,0.1,5.03
9.98,1.783,1.7537,58.61,2.58,0.1,5.05
10.05,1.7833,1.4538,59.17,2.55,0.11,4.51
9.32,1.8439,1.7028,58.52,2.57,0.09,4.95
9.49,1.7812,1.763,56.45,2.61,0.08,5.09
11.19,1.8165,1.6616,56.69,2.61,0.08,5.22
8.92,1.7765,1.9506,59.64,2.54,0.11,4.9
8.62,1.5763,1.6541,63.3,2.48,0.14,4.9
8.6,1.4181,1.2783,65.48,2.42,0.15,4.95
10.1,1.2686,0.94,69.34,2.42,0.19,4.74
10.86,1.3858,1.1297,67.97,2.43,0.18,4.69
12.05,1.6263,1.1948,61.08,2.53,0.12,5.1
11.47,1.6138,1.6161,55.52,2.63,0.08,5.35
12.28,1.4968,1.6936,55.56,2.62,0.07,5.23
28.69,1.6919,1.4098,55.95,2.61,0.08,5.05
40.33,1.9166,1.8649,53.86,2.61,0.06,5.32
27.66,1.9571,1.9474,52.51,2.66,0.04,5.42
25.85,1.9107,2.0055,53.58,2.64,0.05,5.26
28.37,1.8103,1.889,55.2,2.65,0.06,5.82
27.67,1.895,1.5272,53.77,2.65,0.05,5.39
27.86,1.916,1.9278,54.58,2.63,0.04,4.99
31.75,1.9051,1.6391,55.11,2.62,0.06,4.95
35.54,1.864,1.7092,54.78,2.6,0.07,4.72
36.59,1.8458,1.5491,55.03,2.64,0.07,4.95
40.83,1.8218,1.5348,56.02,2.63,0.07,5.18
46.15,1.6787,1.3118,58.33,2.58,0.09,5.16
42.93,1.6651,1.1035,57.86,2.57,0.08,5.44
40.19,1.7637,1.7199,54.64,2.62,0.06,5.24
35.89,1.9245,1.849,52.91,2.66,0.04,5.1
32.84,1.9449,2.3834,53.12,2.63,0.04,4.79
32.18,1.9055,2.4479,53.54,2.61,0.03,4.63
40.53,1.8594,2.0075,53.35,2.62,0.04,4.42
46.88,1.9471,1.5144,52.72,2.66,0.06,4.83
45.55,1.9152,2.4973,53.11,2.64,0.05,4.63
36.04,2.0781,2.5958,51.89,2.65,0.05,5.02
23.48,1.9956,1.5136,53.72,2.63,0.07,5.69
28.52,2.2632,1.9549,52.16,2.63,0.05,6.14
31.86,2.3799,2.255,50.03,2.65,0.02,5.81
29.1,2.4769,2.1945,49.79,2.69,0.01,5.7
27.04,2.5858,2.6462,49.63,2.69,0.01,5.5
24.96,2.5664,2.5422,49.35,2.7,0.01,5.57
25.09,2.5316,2.4595,49.02,2.69,0.01,5.08
25.32,2.467,2.7658,49.38,2.71,0.01,4.97
31.39,2.4587,2.5844,49.48,2.7,0.01,5.54
31.3,2.3902,2.4573,49.58,2.68,0.02,5.34
33.42,2.3674,2.4449,49.66,2.67,0.02,4.92
35.05,2.265,2.3032,49.57,2.68,0.02,5.09
34.13,2.2634,2.6571,49.56,2.68,0.02,4.88
33.88,2.2818,2.8344,49.72,2.7,0.02,4.83
34.5,2.3412,2.8842,49.79,2.7,0.02,5.27
39.05,2.0591,2.4153,51.06,2.68,0.03,5.42
44.86,1.9482,2.2861,52.27,2.66,0.05,4.87
44.3,1.9031,1.7025,52.55,2.66,0.04,5.46
38.01,2.0181,1.7681,52.17,2.64,0.03,4.47
43.5,1.8968,1.6432,52.96,2.62,0.04,3.98
23.99,2.1532,2.3013,50.81,2.66,0.03,5.64
26.09,1.7811,2.1761,53.27,2.64,0.06,5.43
20.37,1.3251,1.6404,55.88,2.6,0.09,4.48
18.23,1.3516,1.4077,56.95,2.59,0.09,4.22
19.21,1.4973,1.8639,55.72,2.61,0.08,4.57
24.43,1.4776,2.1072,54,2.63,0.05,4.65
25.94,1.4201,1.942,54.15,2.64,0.05,4.42
27,1.5541,1.4741,55.06,2.63,0.06,4.36
28.84,1.7545,2.089,53.53,2.65,0.05,4.74
33.26,1.6265,1.8694,52.2,2.65,0.05,4.35
35.16,1.5209,1.4479,53.17,2.65,0.05,4.27
37.39,1.6593,1.7853,53.11,2.68,0.05,5.59
36.58,2.0557,1.9565,52,2.65,0.04,5.26
36.77,2.2819,2.2109,50.77,2.67,0.02,5.05
50.1,2.6233,2.308,49.56,2.7,0.02,4.6
48.06,2.0343,2.3761,50.98,2.66,0.03,4.32
29.88,1.9783,2.143,53.06,2.63,0.06,5.75
32.37,1.5867,1.9829,55.94,2.58,0.09,5.21
33.73,1.3809,1.8315,56.48,2.57,0.1,4.77
35.35,1.3981,1.7976,56.35,2.59,0.09,4.9
32.93,1.3562,1.7818,57.06,2.59,0.09,5.01
32.44,1.1075,1.5397,59.19,2.52,0.14,5.1
34.92,0.9489,1.4349,62.08,2.46,0.17,5.13
33.42,0.871,1.3836,65.36,2.43,0.18,4.9
30.8,0.8681,0.9818,64.81,2.44,0.18,4.85
34.21,0.9777,1.2776,61.72,2.51,0.15,4.63
32,1.273,1.6696,59.22,2.54,0.12,4.87
25.95,1.4373,1.6152,57.36,2.56,0.1,5.1
25.41,1.5459,1.5378,55.55,2.6,0.08,5.29
26.9,1.6008,1.7334,55.27,2.6,0.08,5.14
23.21,1.5733,1.4643,55.78,2.6,0.07,5.16
22.63,1.5398,1.5527,55.36,2.61,0.08,5.33
28.18,1.5544,1.6044,54.67,2.62,0.07,5.11
27.93,1.5797,1.5005,54.08,2.64,0.06,4.87
25.7,1.6312,1.9848,53.58,2.65,0.05,5.34
